--
-- PostgreSQL database dump
--

\restrict 5lGAAJ5gEhe73frUaLptOwwPhKJ37GaEOjYdRP6gvyNxsqxmQBSGjBZpedSPefQ

-- Dumped from database version 17.9 (Ubuntu 17.9-1.pgdg24.04+1)
-- Dumped by pg_dump version 17.10 (Debian 17.10-1.pgdg12+1)

SET statement_timeout = 0;
SET lock_timeout = 0;
SET idle_in_transaction_session_timeout = 0;
SET transaction_timeout = 0;
SET client_encoding = 'UTF8';
SET standard_conforming_strings = on;
SELECT pg_catalog.set_config('search_path', '', false);
SET check_function_bodies = false;
SET xmloption = content;
SET client_min_messages = warning;
SET row_security = off;

--
-- Name: ReadingType; Type: TYPE; Schema: public; Owner: -
--

CREATE TYPE public."ReadingType" AS ENUM (
    'JEJUM',
    'POS_CAFE_2H',
    'POS_ALMOCO_2H',
    'POS_JANTA_2H'
);


SET default_tablespace = '';

SET default_table_access_method = heap;

--
-- Name: accounts; Type: TABLE; Schema: public; Owner: -
--

CREATE TABLE public.accounts (
    id text NOT NULL,
    user_id text NOT NULL,
    type text NOT NULL,
    provider text NOT NULL,
    provider_account_id text NOT NULL,
    refresh_token text,
    access_token text,
    expires_at integer,
    token_type text,
    scope text,
    id_token text,
    session_state text
);


--
-- Name: gestational_glucose_readings; Type: TABLE; Schema: public; Owner: -
--

CREATE TABLE public.gestational_glucose_readings (
    id text NOT NULL,
    reading_date date NOT NULL,
    reading_type public."ReadingType" NOT NULL,
    value_mg_dl integer NOT NULL,
    reading_time text,
    notes text,
    created_at timestamp(3) without time zone DEFAULT CURRENT_TIMESTAMP NOT NULL,
    updated_at timestamp(3) without time zone NOT NULL,
    user_id text,
    observations text,
    symptoms text
);


--
-- Name: patient_settings; Type: TABLE; Schema: public; Owner: -
--

CREATE TABLE public.patient_settings (
    id text NOT NULL,
    patient_name text NOT NULL,
    birth_date date,
    pregnancy_weeks integer,
    estimated_due_date date,
    doctor_name text,
    fasting_target integer DEFAULT 95 NOT NULL,
    post_meal_target integer DEFAULT 120 NOT NULL,
    post_meal_protocol text DEFAULT '2h'::text NOT NULL,
    created_at timestamp(3) without time zone DEFAULT CURRENT_TIMESTAMP NOT NULL,
    updated_at timestamp(3) without time zone NOT NULL,
    user_id text
);


--
-- Name: payments; Type: TABLE; Schema: public; Owner: -
--

CREATE TABLE public.payments (
    id text NOT NULL,
    user_id text NOT NULL,
    plan_id text NOT NULL,
    amount double precision NOT NULL,
    status text DEFAULT 'pending'::text NOT NULL,
    mp_preference_id text,
    mp_payment_id text,
    mp_status text,
    mp_status_detail text,
    created_at timestamp(3) without time zone DEFAULT CURRENT_TIMESTAMP NOT NULL,
    updated_at timestamp(3) without time zone NOT NULL
);


--
-- Name: users; Type: TABLE; Schema: public; Owner: -
--

CREATE TABLE public.users (
    id text NOT NULL,
    name text,
    email text NOT NULL,
    password text,
    plan text DEFAULT 'free'::text NOT NULL,
    plan_expires_at timestamp(3) without time zone,
    created_at timestamp(3) without time zone DEFAULT CURRENT_TIMESTAMP NOT NULL,
    updated_at timestamp(3) without time zone NOT NULL,
    email_verified timestamp(3) without time zone,
    image text,
    has_used_trial boolean DEFAULT false NOT NULL,
    payment_status text DEFAULT 'not_required'::text NOT NULL,
    pdf_reports_generated integer DEFAULT 0 NOT NULL,
    plan_started_at timestamp(3) without time zone
);


--
-- Data for Name: accounts; Type: TABLE DATA; Schema: public; Owner: -
--

COPY public.accounts (id, user_id, type, provider, provider_account_id, refresh_token, access_token, expires_at, token_type, scope, id_token, session_state) FROM stdin;
ae4c7c56-a5ab-4bcd-9746-67c8ef6a1d27	ab94cf8e-3233-4183-8792-16ec3727de48	oauth	google	111265566016214437496	\N	ya29.a0AQvPyIPKN6pqZ62lCSa5flvQo0CGDx3XbC6AvgjlIeugkK3elgySZPYtOO8JO3qUVPzX3VGohrN2UaXq5YfPTqaaQcUxRPBY_qgTIcyRaTv14M1LWdN6dDGDEI4wjrkyBS0kOAs6mQl7eb6lTmdXukeADaFVqvk_5xyCg4VhMhra9C7KuthWYVQ6LapNbmhoXGuvfKIaCgYKAY8SARASFQHGX2Mi6q6at__BUCSWo3_LTHyzmA0206	1778771215	Bearer	https://www.googleapis.com/auth/userinfo.profile https://www.googleapis.com/auth/userinfo.email openid	eyJhbGciOiJSUzI1NiIsImtpZCI6ImY4ZTY2MjBkMzk3MTFhYTIxY2U4YTJiZjJmM2VlMDFiOTI0Y2IyZDAiLCJ0eXAiOiJKV1QifQ.eyJpc3MiOiJodHRwczovL2FjY291bnRzLmdvb2dsZS5jb20iLCJhenAiOiI1OTgxMDUxMjI4NTgtcW5vNmtpcjR2a3F1cTVocGQ3dGRwa3ExMms3ZGkxbTkuYXBwcy5nb29nbGV1c2VyY29udGVudC5jb20iLCJhdWQiOiI1OTgxMDUxMjI4NTgtcW5vNmtpcjR2a3F1cTVocGQ3dGRwa3ExMms3ZGkxbTkuYXBwcy5nb29nbGV1c2VyY29udGVudC5jb20iLCJzdWIiOiIxMTEyNjU1NjYwMTYyMTQ0Mzc0OTYiLCJlbWFpbCI6ImNlc2VsZ3VldGFAZ21haWwuY29tIiwiZW1haWxfdmVyaWZpZWQiOnRydWUsImF0X2hhc2giOiJ2ZzFwcWhpMVE5eXZzYVJCZzEyUzRRIiwibmFtZSI6IkNsYXVkaW8gRXN0ZWJhbiIsInBpY3R1cmUiOiJodHRwczovL2xoMy5nb29nbGV1c2VyY29udGVudC5jb20vYS9BQ2c4b2NKcW1sdXR2bndEVlpEeXpsZV9LdlpsR0xPb2plLVVJV2x4NU11NXlWMFNyZkFoX0VUUjN3PXM5Ni1jIiwiZ2l2ZW5fbmFtZSI6IkNsYXVkaW8iLCJmYW1pbHlfbmFtZSI6IkVzdGViYW4iLCJpYXQiOjE3Nzg3Njc2MTYsImV4cCI6MTc3ODc3MTIxNn0.cZIOeE0rHREoZB47gZQ63VYpAYVXhxZFv1khQKGIxauLsOocbOmR-OqF8Uiub-aI06NxVOdCk8WKoTBHXi9YRjSM7IdxCNOG53EIT7oLMJ3ZYu1uzSBqxMpGl6Nitvg6ea32_TeragbUvXghl2q-gR08ow0TwpCo-q7p81PIr1mZlhXDRI6pjLZWB2yTIs_pjuuXHQS94v7uvISL2PA_EkKe9w-dDAOWfQsQUQrCZFuLNmD4kiG_WdLqi-p67Ia1mRLNtXqTtftesdgQ403IZG_a1qCJwDCsar8INYZyxHY1j0Caib8_jKHIUdYk7ssavGre3GzTqdKNdkvLbevSfg	\N
5544db3d-e960-415d-ac41-1051e97c31a2	aee7b641-1f30-4e02-95d2-430eaefac399	oauth	google	103893985003791920497	\N	ya29.a0AQvPyIM4IHljt5_JIMVgxmWIL8i2nuGzQQIJsmOoWTA9rgemAi9g_Hnrp2sSF-QAJlhi14caW7dsV41LOmC-FdtjHcAa9-OOqPtF1239QKO-vGnxGTf8kSroCNVj8GuYAWQUPL_76O_hYBhvQX3pSzqXePvqAxEFFWNq3ggRgP-LOcWEtrTNhOVoWeq8ffqc8GL9L3QaCgYKAXUSARcSFQHGX2MitQqNVESrdh3ztwdBJ9QZog0206	1778952028	Bearer	https://www.googleapis.com/auth/userinfo.email https://www.googleapis.com/auth/userinfo.profile openid	eyJhbGciOiJSUzI1NiIsImtpZCI6ImY4ZTY2MjBkMzk3MTFhYTIxY2U4YTJiZjJmM2VlMDFiOTI0Y2IyZDAiLCJ0eXAiOiJKV1QifQ.eyJpc3MiOiJodHRwczovL2FjY291bnRzLmdvb2dsZS5jb20iLCJhenAiOiI1OTgxMDUxMjI4NTgtcW5vNmtpcjR2a3F1cTVocGQ3dGRwa3ExMms3ZGkxbTkuYXBwcy5nb29nbGV1c2VyY29udGVudC5jb20iLCJhdWQiOiI1OTgxMDUxMjI4NTgtcW5vNmtpcjR2a3F1cTVocGQ3dGRwa3ExMms3ZGkxbTkuYXBwcy5nb29nbGV1c2VyY29udGVudC5jb20iLCJzdWIiOiIxMDM4OTM5ODUwMDM3OTE5MjA0OTciLCJlbWFpbCI6InRoYXlzZW1lbGxvc2lAZ21haWwuY29tIiwiZW1haWxfdmVyaWZpZWQiOnRydWUsImF0X2hhc2giOiJFYTRUOHZVdXhIanl2czlzOHQ4a2p3IiwibmFtZSI6IlRoYXlzZSBNZWxsbyIsInBpY3R1cmUiOiJodHRwczovL2xoMy5nb29nbGV1c2VyY29udGVudC5jb20vYS9BQ2c4b2NLU2xsTEVVTUJreGh4T3N5RXFXOC1YYS1tdVZaenM0WVFTalpYOVR4Y182Z0p1WGkyM2lBPXM5Ni1jIiwiZ2l2ZW5fbmFtZSI6IlRoYXlzZSIsImZhbWlseV9uYW1lIjoiTWVsbG8iLCJpYXQiOjE3Nzg5NDg0MjksImV4cCI6MTc3ODk1MjAyOX0.aWMICaPdMQW5CroQRfPROCg8jaoWzlWpCCSSSskNYBB6lXOAmvL_szXD5eiuIolK6ig3nc1S0DV4bfzIex4-7yUwvAPVARQjpW8JE5NInYiXEdU8aiD1AK3K2sA3udvBIqW0jUTriISvQL56tkHWf346QpTDH_eWUqy-tr2Dv9TPyMskV5S_g6U-Zi-1LlwIH3tyzbBgz6TmU7HYAcisz6TJh9p9zuL1LRraqUKuU24V5mxwmwKn_t_d4lAbzvyR5HzUOvZyUJI9MFaPqG5CAUsddty_I7VTPblnHOPPSlLzCpdyaxDhNr0fUeLnRN-80gDpUMTENqujUAfbolp-Kw	\N
\.


--
-- Data for Name: gestational_glucose_readings; Type: TABLE DATA; Schema: public; Owner: -
--

COPY public.gestational_glucose_readings (id, reading_date, reading_type, value_mg_dl, reading_time, notes, created_at, updated_at, user_id, observations, symptoms) FROM stdin;
a8210ff5-54f8-41ac-9a28-08d0631878b7	2026-02-24	POS_CAFE_2H	78	\N	\N	2026-02-24 14:31:31.619	2026-02-25 02:23:05.822	\N	\N	\N
de633bf8-51d5-4199-b6bf-29d108eedf96	2026-01-17	JEJUM	85	\N	\N	2026-01-23 17:06:48.572	2026-01-23 17:06:48.572	\N	\N	\N
05534e94-0289-4b6a-9a2f-d45fc79cee99	2026-01-17	POS_CAFE_2H	117	\N	\N	2026-01-23 17:06:48.575	2026-01-23 17:06:48.575	\N	\N	\N
3396e01e-71dc-473f-b424-7dca84a4320f	2026-01-17	POS_ALMOCO_2H	108	\N	\N	2026-01-23 17:06:48.577	2026-01-23 17:06:48.577	\N	\N	\N
66b6decb-6e1d-4d9a-9193-22c108989690	2026-01-17	POS_JANTA_2H	108	\N	\N	2026-01-23 17:06:48.579	2026-01-23 17:06:48.579	\N	\N	\N
d5a42ec0-bcb3-4553-9c31-e17f5920959d	2026-01-18	JEJUM	80	\N	\N	2026-01-23 17:07:05.768	2026-01-23 17:07:05.768	\N	\N	\N
2b1255dc-f7f1-42d9-9d64-938cbd87cc14	2026-01-18	POS_CAFE_2H	151	\N	\N	2026-01-23 17:07:05.77	2026-01-23 17:07:05.77	\N	\N	\N
7c11c070-16f9-49ef-95e1-c8821bac7889	2026-01-18	POS_ALMOCO_2H	76	\N	\N	2026-01-23 17:07:05.771	2026-01-23 17:07:05.771	\N	\N	\N
a2420d3c-2625-4aeb-b039-a6ce67287c46	2026-01-18	POS_JANTA_2H	96	\N	\N	2026-01-23 17:07:05.772	2026-01-23 17:07:05.772	\N	\N	\N
8d880810-094a-4080-b1bc-ef1e82e15a02	2026-01-19	JEJUM	84	\N	\N	2026-01-23 17:07:21.334	2026-01-23 17:07:21.334	\N	\N	\N
ec819b81-ce27-45ac-b949-5fd027058bcd	2026-01-19	POS_CAFE_2H	115	\N	\N	2026-01-23 17:07:21.337	2026-01-23 17:07:21.337	\N	\N	\N
731b058e-95ab-44e5-9727-8241ea7dd23d	2026-01-19	POS_ALMOCO_2H	104	\N	\N	2026-01-23 17:07:21.339	2026-01-23 17:07:21.339	\N	\N	\N
b0800ffd-8cff-4596-8142-28718b0bb25f	2026-01-19	POS_JANTA_2H	113	\N	\N	2026-01-23 17:07:21.341	2026-01-23 17:07:21.341	\N	\N	\N
3e4fad04-cddd-4bf8-814b-8f4e3eb056b5	2026-01-20	JEJUM	81	\N	\N	2026-01-23 17:07:37.735	2026-01-23 17:07:37.735	\N	\N	\N
dbd01c25-d085-48f9-a978-e9585d13c453	2026-01-20	POS_CAFE_2H	113	\N	\N	2026-01-23 17:07:37.737	2026-01-23 17:07:37.737	\N	\N	\N
69990c41-c691-4f18-88cc-6b5c29327eda	2026-01-20	POS_ALMOCO_2H	111	\N	\N	2026-01-23 17:07:37.739	2026-01-23 17:07:37.739	\N	\N	\N
4d9a5bdf-5e83-4e17-827e-da0ecedef62e	2026-01-20	POS_JANTA_2H	115	\N	\N	2026-01-23 17:07:37.74	2026-01-23 17:07:37.74	\N	\N	\N
a37f6b9d-362b-47c8-87fb-4bcc698be215	2026-01-21	JEJUM	97	\N	\N	2026-01-23 17:07:48.804	2026-01-23 17:07:48.804	\N	\N	\N
bb6909a0-b423-4cc5-bb99-5e30896b5874	2026-01-22	JEJUM	87	\N	\N	2026-01-23 17:08:21.865	2026-01-23 17:08:21.865	\N	\N	\N
ba7cf1fa-14f8-4a22-ba20-4112759fa66b	2026-01-22	POS_CAFE_2H	106	\N	\N	2026-01-23 17:08:21.868	2026-01-23 17:08:21.868	\N	\N	\N
f0709eb0-5a99-4ac2-90b0-8aec5dfb1bd2	2026-01-22	POS_ALMOCO_2H	123	\N	\N	2026-01-23 17:08:21.869	2026-01-23 17:08:21.869	\N	\N	\N
99168af5-5606-48d8-99c7-269fc944590e	2026-01-22	POS_JANTA_2H	120	\N	\N	2026-01-23 17:08:21.871	2026-01-23 17:08:21.871	\N	\N	\N
b4121e3a-e7ee-483a-97eb-3a230ae0c5b3	2026-01-16	JEJUM	84	\N	\N	2026-01-23 17:06:25.066	2026-01-23 17:09:29.989	\N	\N	\N
2c58f9cf-9f47-4051-9e7a-18f5d78b93f6	2026-01-16	POS_ALMOCO_2H	128	\N	\N	2026-01-23 17:06:25.077	2026-01-23 17:09:29.992	\N	\N	\N
089552e0-71ca-4c55-81b7-a2e5f7b0d19a	2026-01-16	POS_JANTA_2H	128	\N	\N	2026-01-23 17:06:25.079	2026-01-23 17:09:29.994	\N	\N	\N
dcf0303b-96de-4ea6-aa53-e7f4ffff5b07	2026-01-23	JEJUM	87	\N	\N	2026-01-23 17:08:37.178	2026-01-24 12:57:14.043	\N	\N	\N
a17529d3-73f7-438f-88f6-cd8d22eeb87c	2026-01-23	POS_ALMOCO_2H	100	\N	\N	2026-01-23 19:18:39.61	2026-01-24 12:57:14.046	\N	\N	\N
6747689f-6be6-4beb-8e34-99c97617fb80	2026-01-23	POS_JANTA_2H	122	\N	\N	2026-01-24 12:57:09.911	2026-01-24 12:57:14.048	\N	\N	\N
a93d9412-b9bf-45cc-a198-eede71b4026b	2026-01-31	JEJUM	80	\N	\N	2026-01-31 12:00:48.165	2026-02-01 01:57:06.839	\N	\N	\N
bba44447-a62d-4f21-b06d-58f3e47d7a07	2026-01-28	JEJUM	84	\N	\N	2026-01-28 14:44:53.941	2026-01-29 01:31:00.588	\N	\N	\N
3ce03c6c-1d79-47f0-8fc9-8fccb23f0608	2026-01-28	POS_CAFE_2H	91	\N	\N	2026-01-28 14:44:57.913	2026-01-29 01:31:00.591	\N	\N	\N
2a571d61-e835-48df-b46b-695139a57060	2026-01-24	JEJUM	88	\N	\N	2026-01-24 12:56:31.507	2026-01-25 12:19:50.908	\N	\N	\N
dbc107b0-f37f-4e88-8e56-73b55af26868	2026-01-24	POS_CAFE_2H	124	\N	\N	2026-01-24 14:23:24.631	2026-01-25 12:19:50.911	\N	\N	\N
b04900d3-eb8c-4121-a1ff-c46cbd01b7a9	2026-01-24	POS_ALMOCO_2H	156	\N	\N	2026-01-24 20:22:08.621	2026-01-25 12:19:50.912	\N	\N	\N
e664a034-5137-455f-b141-9a725a3e20af	2026-01-24	POS_JANTA_2H	81	\N	\N	2026-01-25 12:19:47.949	2026-01-25 12:19:50.914	\N	\N	\N
f19e2c87-f2f4-4605-9039-301c5401ad25	2026-01-25	JEJUM	87	\N	\N	2026-01-25 12:19:59.2	2026-01-26 07:37:35.168	\N	\N	\N
826f98c5-4c1f-4e35-9888-f142c37ebbd3	2026-01-25	POS_CAFE_2H	153	\N	\N	2026-01-25 14:42:23.125	2026-01-26 07:37:35.171	\N	\N	\N
7bad6946-dc87-4ece-9d69-b270af734ba4	2026-01-25	POS_ALMOCO_2H	91	\N	\N	2026-01-25 18:44:31.601	2026-01-26 07:37:35.174	\N	\N	\N
21602701-8604-48cd-bbed-ac032d8041a7	2026-01-25	POS_JANTA_2H	81	\N	\N	2026-01-26 07:37:31.869	2026-01-26 07:37:35.178	\N	\N	\N
08eadc33-7cd3-4b06-aa0c-f517f27241ea	2026-01-28	POS_ALMOCO_2H	81	\N	\N	2026-01-28 19:02:47.987	2026-01-29 01:31:00.593	\N	\N	\N
a351b321-cc24-44c7-8c8e-e1e554b1b882	2026-01-26	JEJUM	78	\N	\N	2026-01-26 12:49:11.164	2026-01-27 01:41:18.705	\N	\N	\N
1a2a0a6c-c372-4267-b543-f1a8fa224f4a	2026-01-26	POS_CAFE_2H	103	\N	\N	2026-01-26 14:46:52.001	2026-01-27 01:41:18.708	\N	\N	\N
aeea7758-49dd-4d37-a000-7c9501988eb9	2026-01-26	POS_ALMOCO_2H	91	\N	\N	2026-01-26 20:26:18.101	2026-01-27 01:41:18.71	\N	\N	\N
8bde261c-8d4c-4f8b-bcb1-653116e39498	2026-01-26	POS_JANTA_2H	106	\N	\N	2026-01-27 01:41:10.307	2026-01-27 01:41:18.712	\N	\N	\N
46314935-a5b6-46a4-8288-25d7e984907e	2026-01-28	POS_JANTA_2H	100	\N	\N	2026-01-29 01:30:45.386	2026-01-29 01:31:00.595	\N	\N	\N
79e1f34d-a133-4f79-81bf-b0b9611276bf	2026-01-27	JEJUM	83	\N	\N	2026-01-27 20:01:37.158	2026-01-28 01:58:34.129	\N	\N	\N
120e9180-b5be-4d04-83ea-f81036fac5ec	2026-01-27	POS_CAFE_2H	97	\N	\N	2026-01-27 20:01:28.436	2026-01-28 01:58:34.133	\N	\N	\N
62cae3e8-a4cb-4b15-a06f-6440fc09f058	2026-01-27	POS_ALMOCO_2H	104	\N	\N	2026-01-27 20:01:23.009	2026-01-28 01:58:34.136	\N	\N	\N
7949ba44-50a2-4562-95ff-2eb98860388d	2026-01-27	POS_JANTA_2H	116	\N	\N	2026-01-28 01:58:31.23	2026-01-28 01:58:34.139	\N	\N	\N
e7814860-b299-4e7f-9b7a-ab073dca80d3	2026-01-31	POS_CAFE_2H	115	\N	\N	2026-01-31 14:27:02.179	2026-02-01 01:57:06.842	\N	\N	\N
fb968200-683b-4644-84af-9bc01f44a97c	2026-01-29	JEJUM	76	\N	\N	2026-01-29 12:47:47.009	2026-01-30 01:06:48.824	\N	\N	\N
d6599993-1074-49c0-bb75-c11268dad880	2026-01-29	POS_CAFE_2H	86	\N	\N	2026-01-29 14:53:37.686	2026-01-30 01:06:48.827	\N	\N	\N
951b9eef-cec9-48a3-9238-0382b9a267e0	2026-01-29	POS_ALMOCO_2H	102	\N	\N	2026-01-29 23:08:35.869	2026-01-30 01:06:48.83	\N	\N	\N
260f137d-73bc-4e45-979a-031de8305d74	2026-01-29	POS_JANTA_2H	107	\N	\N	2026-01-30 01:06:45.525	2026-01-30 01:06:48.833	\N	\N	\N
09104b74-277b-4219-88a3-453b788c345d	2026-01-30	JEJUM	92	\N	\N	2026-01-30 10:54:53.39	2026-01-31 01:53:06.644	\N	\N	\N
e5e7593d-24f8-4f20-9cb1-1c8d19bf532f	2026-01-30	POS_CAFE_2H	101	\N	\N	2026-01-30 15:27:38.361	2026-01-31 01:53:06.655	\N	\N	\N
891a3afb-07d9-4e08-a3d1-7fdc454518ac	2026-01-30	POS_ALMOCO_2H	91	\N	\N	2026-01-30 19:51:58.387	2026-01-31 01:53:06.658	\N	\N	\N
d169fec7-0994-4139-adda-071f8f922d7e	2026-01-30	POS_JANTA_2H	140	\N	\N	2026-01-31 01:53:06.66	2026-01-31 01:53:06.66	\N	\N	\N
a48aecdf-6af3-4f11-a2aa-e25baf475a36	2026-01-31	POS_ALMOCO_2H	99	\N	\N	2026-01-31 22:11:38.125	2026-02-01 01:57:06.845	\N	\N	\N
c3699ead-5cc3-4fe5-9c42-4a47127e46ab	2026-01-31	POS_JANTA_2H	87	\N	\N	2026-02-01 01:57:04.386	2026-02-01 01:57:06.847	\N	\N	\N
e74e6109-fb16-405a-a263-14ce37881b7c	2026-02-01	JEJUM	86	\N	\N	2026-02-01 11:35:03.236	2026-02-01 11:35:03.236	\N	\N	\N
20daa45f-8ff5-4f44-a8f4-d1dc4f251812	2026-02-02	JEJUM	93	\N	\N	2026-02-02 12:26:16.32	2026-02-03 02:14:31.791	\N	\N	\N
909c428c-1e41-4753-a8ca-a7a63eb0f551	2026-02-02	POS_CAFE_2H	92	\N	\N	2026-02-02 14:52:18.989	2026-02-03 02:14:31.794	\N	\N	\N
9159a665-ce01-4a5e-bcdb-6a94a170c162	2026-02-02	POS_ALMOCO_2H	95	\N	\N	2026-02-02 20:37:24.829	2026-02-03 02:14:31.796	\N	\N	\N
55511577-22f9-4eb9-99d8-63487c59791c	2026-02-02	POS_JANTA_2H	89	\N	\N	2026-02-03 02:14:28.971	2026-02-03 02:14:31.799	\N	\N	\N
e7936398-9fc9-461c-91f2-b1a3c4bdb80c	2026-02-03	JEJUM	84	\N	\N	2026-02-03 12:07:09.138	2026-02-04 01:37:13.788	\N	\N	\N
667cfd6d-fc92-43f2-ba49-38e9bb112a73	2026-02-03	POS_CAFE_2H	119	\N	\N	2026-02-03 13:08:54.213	2026-02-04 01:37:13.799	\N	\N	\N
a3e148a1-2429-4929-addb-8a84d756c81c	2026-02-03	POS_ALMOCO_2H	107	\N	\N	2026-02-03 20:02:33.114	2026-02-04 01:37:13.802	\N	\N	\N
d954ce46-c50c-4411-9807-e3b2b8789a82	2026-02-03	POS_JANTA_2H	97	\N	\N	2026-02-04 01:37:13.804	2026-02-04 01:37:13.804	\N	\N	\N
a34ac2af-5377-4529-b73f-29ca0247e4d5	2026-02-04	JEJUM	81	\N	\N	2026-02-04 12:12:07.681	2026-02-05 01:18:49.417	\N	\N	\N
8424a240-2bde-4794-aeb3-f31303f2e25a	2026-02-04	POS_CAFE_2H	117	\N	\N	2026-02-04 14:47:02.064	2026-02-05 01:18:49.42	\N	\N	\N
9cd31d6f-9964-45a1-b24a-cde2b7856c86	2026-02-04	POS_ALMOCO_2H	129	\N	\N	2026-02-04 19:30:45.473	2026-02-05 01:18:49.423	\N	\N	\N
2020b5d5-5e25-4df8-97aa-53f6f296d89e	2026-02-04	POS_JANTA_2H	108	\N	\N	2026-02-05 01:18:46.715	2026-02-05 01:18:49.426	\N	\N	\N
b8cc41e5-706f-4adc-8df7-f7bfc15ab28d	2026-02-05	JEJUM	91	\N	\N	2026-02-05 11:17:31.901	2026-02-06 01:17:57.913	\N	\N	\N
bc565cc0-0d4e-474e-b17f-99dc1d77a734	2026-02-05	POS_CAFE_2H	108	\N	\N	2026-02-05 13:37:53.395	2026-02-06 01:17:57.915	\N	\N	\N
a1e1142f-1a0e-4032-b261-87ee28efdaaa	2026-02-05	POS_ALMOCO_2H	98	\N	\N	2026-02-06 01:17:55.271	2026-02-06 01:17:57.916	\N	\N	\N
0aa41e91-e84a-416a-9b97-8772e4b079aa	2026-02-05	POS_JANTA_2H	99	\N	\N	2026-02-06 01:17:39.051	2026-02-06 01:17:57.917	\N	\N	\N
55a859cb-26bb-41ee-80d8-ac5197134112	2026-02-06	JEJUM	82	\N	\N	2026-02-06 12:12:59.151	2026-02-07 01:53:10.368	\N	\N	\N
a3384d9f-51c0-4fb5-9e10-fcd06c81de9a	2026-02-06	POS_CAFE_2H	103	\N	\N	2026-02-06 14:28:27.743	2026-02-07 01:53:10.371	\N	\N	\N
69bf834e-d79e-4acc-97c4-b939cf185738	2026-02-06	POS_ALMOCO_2H	82	\N	\N	2026-02-06 20:23:45.56	2026-02-07 01:53:10.373	\N	\N	\N
b643075c-407c-4be5-87f4-b40776bce94f	2026-02-06	POS_JANTA_2H	120	\N	\N	2026-02-07 01:53:05.867	2026-02-07 01:53:10.375	\N	\N	\N
8de16296-09c8-4e19-8340-ebd5123e23cf	2026-02-07	JEJUM	78	\N	\N	2026-02-07 12:51:59.11	2026-02-08 02:11:37.153	\N	\N	\N
92d8ef48-0239-48bd-850d-e402d4e1c683	2026-02-07	POS_CAFE_2H	128	\N	\N	2026-02-07 15:25:01.266	2026-02-08 02:11:37.162	\N	\N	\N
40463b89-a231-490f-af5a-2c4889cac3de	2026-02-07	POS_ALMOCO_2H	79	\N	\N	2026-02-07 20:25:08.412	2026-02-08 02:11:37.163	\N	\N	\N
488b53a3-c056-45a3-b5fb-dae2e0286f14	2026-02-07	POS_JANTA_2H	101	\N	\N	2026-02-08 02:11:37.165	2026-02-08 02:11:37.165	\N	\N	\N
3adc21ab-f988-47f3-afa7-76bda7fbf63a	2026-02-08	JEJUM	68	\N	\N	2026-02-08 13:12:47.656	2026-02-09 02:02:44.047	\N	\N	\N
79d5d87d-c23a-4784-8ab4-951ddba81cc5	2026-02-08	POS_CAFE_2H	143	\N	\N	2026-02-08 15:24:50.517	2026-02-09 02:02:44.049	\N	\N	\N
86bd873a-aaf5-4188-99fc-5d5aaa55673b	2026-02-08	POS_ALMOCO_2H	78	\N	\N	2026-02-08 18:37:03.747	2026-02-09 02:02:44.05	\N	\N	\N
d97ddfa2-9e44-4a67-8a75-cb5ccc297d2e	2026-02-08	POS_JANTA_2H	101	\N	\N	2026-02-09 02:02:41.192	2026-02-09 02:02:44.052	\N	\N	\N
414d9c97-2ad7-4bfc-ab7c-70c90a992d58	2026-02-09	JEJUM	91	\N	\N	2026-02-09 11:01:19.542	2026-02-10 01:02:59.2	\N	\N	\N
4a5f4a4a-a534-4bc9-a466-231033b61cc2	2026-02-09	POS_CAFE_2H	120	\N	\N	2026-02-09 13:49:34.621	2026-02-10 01:02:59.203	\N	\N	\N
dc73eae8-e981-4b55-b563-77a1747899c8	2026-02-09	POS_JANTA_2H	94	\N	\N	2026-02-10 01:02:56.801	2026-02-10 01:02:59.206	\N	\N	\N
2ae95740-3ce4-4069-a517-d22ec8556d66	2026-02-10	JEJUM	78	\N	\N	2026-02-10 11:43:12.916	2026-02-11 02:30:39.856	\N	\N	\N
d3e3dc0a-d3b2-416e-8bd6-54e695b55ec7	2026-02-10	POS_CAFE_2H	86	\N	\N	2026-02-10 14:22:15.153	2026-02-11 02:30:39.859	\N	\N	\N
1101d8f4-d074-41c9-81aa-e26e7faa7b5b	2026-02-10	POS_ALMOCO_2H	94	\N	\N	2026-02-10 20:09:25.819	2026-02-11 02:30:39.862	\N	\N	\N
2bb0b673-27f4-4466-9eea-8b4f82d8bd72	2026-02-10	POS_JANTA_2H	90	\N	\N	2026-02-11 02:30:37.465	2026-02-11 02:30:39.865	\N	\N	\N
f270624a-14bb-4aa6-8050-4bad0d01c356	2026-02-11	JEJUM	69	\N	\N	2026-02-11 11:58:06.778	2026-02-12 01:17:48.766	\N	\N	\N
aaa364de-914b-4a64-95b6-5a8d4d5e6cbb	2026-02-11	POS_CAFE_2H	100	\N	\N	2026-02-11 14:14:32.801	2026-02-12 01:17:48.769	\N	\N	\N
21a5b725-0d62-4dee-84ad-5f96d9cdfe7a	2026-02-11	POS_ALMOCO_2H	132	\N	\N	2026-02-11 18:33:15.211	2026-02-12 01:17:48.771	\N	\N	\N
4e2cc6c3-8bb3-4a4e-b1b0-b624e5e1d3a1	2026-02-11	POS_JANTA_2H	101	\N	\N	2026-02-12 01:17:46.042	2026-02-12 01:17:48.774	\N	\N	\N
19b7d3a4-9959-4b6c-a34d-94c641c0fbee	2026-02-12	JEJUM	92	\N	\N	2026-02-12 14:08:26.277	2026-02-13 02:38:28.99	\N	\N	\N
542fdcf1-3d77-403a-a943-593ad8133991	2026-02-12	POS_CAFE_2H	93	\N	\N	2026-02-12 14:08:30.237	2026-02-13 02:38:28.993	\N	\N	\N
aab81631-db13-4be1-9122-fc0cf9a117fd	2026-02-12	POS_ALMOCO_2H	114	\N	\N	2026-02-12 19:34:51.526	2026-02-13 02:38:28.995	\N	\N	\N
2c28ee84-5f80-415f-bcad-0d56268905cc	2026-02-12	POS_JANTA_2H	102	\N	\N	2026-02-13 02:38:26.82	2026-02-13 02:38:28.997	\N	\N	\N
d4e6937c-cd92-4ebe-95ed-6c44741d95fc	2026-02-13	JEJUM	84	\N	\N	2026-02-13 12:40:34.43	2026-02-14 01:16:43.883	\N	\N	\N
9838a435-ddf3-4c69-837c-f2b6caa0ef47	2026-02-13	POS_CAFE_2H	95	\N	\N	2026-02-13 15:03:30.415	2026-02-14 01:16:43.887	\N	\N	\N
1e8b09a2-a21a-497f-9f4a-4471dfdd3e2d	2026-02-13	POS_JANTA_2H	94	\N	\N	2026-02-14 01:16:41.403	2026-02-14 01:16:43.889	\N	\N	\N
cd13a9aa-3601-4fd0-8ad0-69748ab0392f	2026-02-14	JEJUM	81	\N	\N	2026-02-14 12:34:31.535	2026-02-15 00:32:26.378	\N	\N	\N
85dca993-ebd3-440c-b91c-84fe782db9e2	2026-02-14	POS_CAFE_2H	122	\N	\N	2026-02-14 15:03:01.485	2026-02-15 00:32:26.38	\N	\N	\N
24ea7696-1a7d-45fa-8890-6e3604ccf4bb	2026-02-14	POS_ALMOCO_2H	114	\N	\N	2026-02-14 19:43:33.094	2026-02-15 00:32:26.382	\N	\N	\N
2bbe3e63-0482-4469-b9de-36b396125458	2026-02-14	POS_JANTA_2H	125	\N	\N	2026-02-15 00:32:24.621	2026-02-15 00:32:26.383	\N	\N	\N
6353b1fb-fe49-404c-8617-c9654b2d2065	2026-02-15	JEJUM	84	\N	\N	2026-02-15 15:10:22.353	2026-02-15 15:10:22.353	\N	\N	\N
e89d5f3d-81d8-485f-9eb1-8ac361f65ae2	2026-02-15	POS_CAFE_2H	100	\N	\N	2026-02-15 15:10:25.783	2026-02-15 15:10:25.783	\N	\N	\N
e37902e0-38b5-4cee-8854-f394e27b56d3	2026-02-15	POS_ALMOCO_2H	72	\N	\N	2026-02-15 22:29:47.353	2026-02-15 22:29:47.353	\N	\N	\N
85eced5e-02f2-4140-a57b-fa23b870c2f1	2026-02-15	POS_JANTA_2H	109	\N	\N	2026-02-16 01:02:51.351	2026-02-16 01:02:51.351	\N	\N	\N
bd214206-815b-4fc8-8383-da73c0101f19	2026-02-20	POS_ALMOCO_2H	93	\N	\N	2026-02-20 20:54:32.924	2026-02-21 02:22:44.839	\N	\N	\N
0c56005f-3fbe-4912-8ddc-e67d46246006	2026-02-20	POS_JANTA_2H	107	\N	\N	2026-02-21 02:22:44.842	2026-02-21 02:22:44.842	\N	\N	\N
84771763-ab5e-487c-b32d-2f677101f901	2026-02-16	JEJUM	84	\N	\N	2026-02-16 15:36:12.695	2026-02-17 01:04:56.876	\N	\N	\N
3168499e-c44d-411d-b670-4cda1785d411	2026-02-16	POS_CAFE_2H	100	\N	\N	2026-02-16 15:36:15.932	2026-02-17 01:04:56.896	\N	\N	\N
3fce1545-ba8b-4bd9-8a42-a149b2f25525	2026-02-16	POS_ALMOCO_2H	95	\N	\N	2026-02-16 22:22:00.423	2026-02-17 01:04:56.899	\N	\N	\N
da93219c-722f-4153-aef1-16acc8e35890	2026-02-16	POS_JANTA_2H	100	\N	\N	2026-02-17 01:04:56.904	2026-02-17 01:04:56.904	\N	\N	\N
b8b27ea7-1b43-427a-92b8-ff8d483c87a9	2026-02-17	JEJUM	73	\N	\N	2026-02-17 12:51:20.04	2026-02-18 02:02:19.143	\N	\N	\N
20565b83-9e16-4f7a-a28d-db71f5bd2af6	2026-02-17	POS_CAFE_2H	108	\N	\N	2026-02-17 15:02:12.042	2026-02-18 02:02:19.147	\N	\N	\N
cfb0dd9f-ba2c-4a63-b05e-cd3e2861eff9	2026-02-17	POS_ALMOCO_2H	95	\N	\N	2026-02-17 20:31:43.303	2026-02-18 02:02:19.149	\N	\N	\N
c9abbdd3-ba27-4e34-853c-b34bc3d20cde	2026-02-17	POS_JANTA_2H	113	\N	\N	2026-02-18 02:02:16.48	2026-02-18 02:02:19.152	\N	\N	\N
0efaa6cd-d0bb-44f4-9941-6fd135e25bb5	2026-02-18	JEJUM	80	\N	\N	2026-02-18 12:23:56.122	2026-02-19 01:28:39.82	\N	\N	\N
09043987-50b0-407e-a045-20cf14e700f0	2026-02-18	POS_CAFE_2H	87	\N	\N	2026-02-18 14:37:48.284	2026-02-19 01:28:39.83	\N	\N	\N
f3fad75f-ac23-4bf4-aeca-32e40eaa038d	2026-02-18	POS_ALMOCO_2H	115	\N	\N	2026-02-18 19:22:03.238	2026-02-19 01:28:39.834	\N	\N	\N
77f89ec6-8be2-4256-8537-f037cb90195f	2026-02-18	POS_JANTA_2H	106	\N	\N	2026-02-19 01:28:39.837	2026-02-19 01:28:39.837	\N	\N	\N
aa813565-87c1-4454-bd43-a486e7a2730a	2026-02-19	JEJUM	70	\N	\N	2026-02-19 12:22:13.872	2026-02-20 12:15:34.722	\N	\N	\N
5d548be5-2861-4923-b8d8-3d36e71b05ea	2026-02-19	POS_CAFE_2H	86	\N	\N	2026-02-19 14:46:01.48	2026-02-20 12:15:34.761	\N	\N	\N
c4908cd4-0550-4ba7-baf2-a1fc5e555a00	2026-02-19	POS_ALMOCO_2H	125	\N	\N	2026-02-19 21:15:34.17	2026-02-20 12:15:34.764	\N	\N	\N
b7b29095-b129-49bd-bca1-778380e9c005	2026-02-19	POS_JANTA_2H	108	\N	\N	2026-02-20 02:09:07.771	2026-02-20 12:15:34.767	\N	\N	\N
5e16099e-53ef-44a2-99da-cb5eae26ed34	2026-02-20	JEJUM	79	\N	\N	2026-02-20 12:15:43.07	2026-02-21 02:22:44.825	\N	\N	\N
dfe69e82-2aa5-4765-bde1-03f1d413c6fe	2026-02-20	POS_CAFE_2H	96	\N	\N	2026-02-20 14:49:14.186	2026-02-21 02:22:44.836	\N	\N	\N
6b9645f8-940b-4943-ad22-f77c624599a0	2026-02-21	JEJUM	76	\N	\N	2026-02-21 12:27:42.999	2026-02-22 01:59:18.552	\N	\N	\N
98b70cbc-81a5-47fa-898b-e3bb9de7e012	2026-02-21	POS_CAFE_2H	113	\N	\N	2026-02-21 14:32:06.568	2026-02-22 01:59:18.555	\N	\N	\N
5fc3201f-5c02-45c9-8647-8fe14d347281	2026-02-21	POS_ALMOCO_2H	104	\N	\N	2026-02-21 20:17:50.869	2026-02-22 01:59:18.558	\N	\N	\N
3da500f8-cfb7-4998-ab89-4e80783ee1b6	2026-02-21	POS_JANTA_2H	115	\N	\N	2026-02-22 01:59:16.1	2026-02-22 01:59:18.561	\N	\N	\N
419f2d76-862c-4520-942a-9bd9e8b2deaf	2026-02-22	JEJUM	67	\N	\N	2026-02-22 15:02:38.24	2026-02-23 01:24:34.686	\N	\N	\N
7cba77bc-3999-4e8b-adaa-1ac690cb0b5b	2026-02-22	POS_CAFE_2H	106	\N	\N	2026-02-22 15:02:41.891	2026-02-23 01:24:34.69	\N	\N	\N
b0996d70-af06-46fe-8760-32b1d3858444	2026-02-22	POS_ALMOCO_2H	83	\N	\N	2026-02-22 19:51:59.417	2026-02-23 01:24:34.693	\N	\N	\N
8549a98f-a761-4c8e-91be-cf4c2e11ba35	2026-02-22	POS_JANTA_2H	109	\N	\N	2026-02-23 01:24:32.031	2026-02-23 01:24:34.696	\N	\N	\N
18340132-ae10-4acc-83c3-75bbd9a573e8	2026-02-23	JEJUM	66	\N	\N	2026-02-23 12:40:34.799	2026-02-24 02:00:51.276	\N	\N	\N
6bc051f4-9637-44f5-b118-0a5e85e39c5e	2026-02-23	POS_CAFE_2H	108	\N	\N	2026-02-23 14:34:18.719	2026-02-24 02:00:51.279	\N	\N	\N
5359953d-273d-4469-a8ba-3aff07479bc7	2026-02-23	POS_ALMOCO_2H	138	\N	\N	2026-02-23 19:51:50.816	2026-02-24 02:00:51.282	\N	\N	\N
9cb67fd8-ec8e-46e1-a01c-43a3c1380b6a	2026-02-23	POS_JANTA_2H	105	\N	\N	2026-02-24 02:00:48.935	2026-02-24 02:00:51.285	\N	\N	\N
8901010d-7271-4093-8de8-8b62667baff6	2026-02-24	JEJUM	78	\N	\N	2026-02-24 12:14:59.722	2026-02-25 02:23:05.82	\N	\N	\N
e8d1b350-dc4b-481e-8f3d-cf395acb9fb7	2026-02-24	POS_ALMOCO_2H	95	\N	\N	2026-02-24 19:13:34.872	2026-02-25 02:23:05.824	\N	\N	\N
3a2069fc-6268-49b6-8844-abb78db59027	2026-02-24	POS_JANTA_2H	125	\N	\N	2026-02-25 02:23:03.556	2026-02-25 02:23:05.827	\N	\N	\N
6e1a527f-8f78-46ea-b283-274679eb7c6a	2026-02-25	POS_CAFE_2H	101	\N	\N	2026-02-25 14:45:07.733	2026-02-26 01:53:04.453	\N	\N	\N
c0b232cc-6127-4291-9790-337c67e56223	2026-02-25	JEJUM	73	\N	\N	2026-02-25 12:33:50.057	2026-02-26 01:53:04.451	\N	\N	\N
3a49ee15-66e1-4fdc-91c8-21a3ffe5a996	2026-02-25	POS_ALMOCO_2H	87	\N	\N	2026-02-25 19:16:39.022	2026-02-26 01:53:04.455	\N	\N	\N
0135d3c2-25d8-469d-be4f-0a454ece0fb0	2026-02-25	POS_JANTA_2H	117	\N	\N	2026-02-26 01:53:02.113	2026-02-26 01:53:04.457	\N	\N	\N
67ad13c5-9969-48ba-bc90-a47bc8ff15a7	2026-05-13	JEJUM	43	\N	\N	2026-05-13 23:51:24.866	2026-05-13 23:51:24.866	123b42d9-4c87-411f-9d46-780fad00f93e	\N	\N
6ac4406a-cf7c-4056-b54b-a01d1f7c5160	2026-02-26	JEJUM	77	\N	\N	2026-02-26 12:29:13.661	2026-02-27 01:05:29.071	\N	\N	\N
34dc81a8-04bf-4e34-a6f2-c698fcde5cbd	2026-02-26	POS_CAFE_2H	132	\N	\N	2026-02-26 14:49:35.302	2026-02-27 01:05:29.074	\N	\N	\N
c1ba5706-991a-44d1-b9fc-91ee815e5112	2026-02-26	POS_ALMOCO_2H	114	\N	\N	2026-02-26 19:43:44.978	2026-02-27 01:05:29.076	\N	\N	\N
ec59b0be-6213-4047-be05-df06bd24f316	2026-02-26	POS_JANTA_2H	104	\N	\N	2026-02-27 01:05:26.552	2026-02-27 01:05:29.079	\N	\N	\N
a62182cc-21d1-4153-ad4b-47b4689a6969	2026-02-27	JEJUM	81	\N	\N	2026-02-27 12:42:16.86	2026-02-28 01:01:53.753	\N	\N	\N
14c0006c-a361-459b-871c-bbdcc302daf6	2026-02-27	POS_CAFE_2H	106	\N	\N	2026-02-27 15:13:34.567	2026-02-28 01:01:53.756	\N	\N	\N
9d754342-bd8a-42ad-bf0a-3547bc029522	2026-02-27	POS_ALMOCO_2H	107	\N	\N	2026-02-27 20:07:51.638	2026-02-28 01:01:53.758	\N	\N	\N
e1bbf032-a421-4ee1-a97c-037e0d526d7b	2026-02-27	POS_JANTA_2H	161	\N	\N	2026-02-28 01:01:51.11	2026-02-28 01:01:53.76	\N	\N	\N
882c32b2-6bd9-4e58-988a-9e2209fd0e63	2026-03-08	POS_CAFE_2H	115	\N	\N	2026-03-08 14:28:21.285	2026-03-09 01:33:03.717	\N	\N	\N
7269fe66-982d-483f-b446-4827fc129ae7	2026-02-28	JEJUM	68	\N	\N	2026-02-28 11:32:02.128	2026-03-01 01:02:58.375	\N	\N	\N
bdc4c5a5-01b4-4d5f-bd98-e63091a8e9e0	2026-02-28	POS_CAFE_2H	101	\N	\N	2026-02-28 13:32:03.25	2026-03-01 01:02:58.378	\N	\N	\N
b2b9716c-b97d-425f-8850-03bdc3ebd32b	2026-02-28	POS_ALMOCO_2H	120	\N	\N	2026-02-28 20:31:25.886	2026-03-01 01:02:58.381	\N	\N	\N
75264921-6658-4a96-b322-4fe572d08883	2026-02-28	POS_JANTA_2H	113	\N	\N	2026-03-01 01:02:55.69	2026-03-01 01:02:58.383	\N	\N	\N
13d9e31e-2ada-4c8c-b494-0de914823427	2026-03-01	JEJUM	77	\N	\N	2026-03-01 15:02:45.211	2026-03-02 02:01:02.907	\N	\N	\N
c232a36d-354e-4bec-a235-eb41385cf8d3	2026-03-01	POS_CAFE_2H	126	\N	\N	2026-03-01 15:02:55.847	2026-03-02 02:01:02.91	\N	\N	\N
6caacfed-e20e-4b74-b7c9-a4477a274c17	2026-03-01	POS_ALMOCO_2H	140	\N	\N	2026-03-01 19:41:47.966	2026-03-02 02:01:02.913	\N	\N	\N
79733292-6092-4397-a5a0-8bc671149731	2026-03-01	POS_JANTA_2H	100	\N	\N	2026-03-02 02:01:00.38	2026-03-02 02:01:02.916	\N	\N	\N
ed04f3c3-a6f9-4067-8baa-ded78fe2afa0	2026-03-02	POS_CAFE_2H	131	\N	\N	2026-03-02 15:11:26.465	2026-03-03 02:33:33.083	\N	\N	\N
48cb3d39-94ee-4912-85ff-2cddc324df24	2026-03-02	POS_ALMOCO_2H	110	\N	\N	2026-03-02 22:34:44.884	2026-03-03 02:33:33.094	\N	\N	\N
87fbc93f-bdb6-45bd-a430-68ef8bcf096a	2026-03-02	POS_JANTA_2H	94	\N	\N	2026-03-03 02:33:33.096	2026-03-03 02:33:33.096	\N	\N	\N
2e3f4ffb-8f7a-4078-9d4a-eccd040b8d97	2026-03-03	JEJUM	72	\N	\N	2026-03-03 12:21:38.221	2026-03-03 12:21:38.221	\N	\N	\N
0a6ac7d9-d625-41d1-9b31-d20732a3364d	2026-03-03	POS_CAFE_2H	77	\N	\N	2026-03-03 15:01:36.619	2026-03-03 15:01:36.619	\N	\N	\N
4519c083-1224-482f-b51c-ecc31928da05	2026-03-03	POS_ALMOCO_2H	109	\N	\N	2026-03-03 22:35:56.626	2026-03-03 22:35:56.626	\N	\N	\N
41f4a71e-4eb3-4041-8dde-73dbee0321dd	2026-03-03	POS_JANTA_2H	168	\N	\N	2026-03-04 11:53:30.348	2026-03-04 11:53:30.348	\N	\N	\N
b8318148-6803-482c-b96f-5d6b8bb4da44	2026-03-04	JEJUM	76	\N	\N	2026-03-04 12:09:03.516	2026-03-05 02:04:12.536	\N	\N	\N
7ecb114c-ad0c-4a9c-9292-50e69506e35e	2026-03-04	POS_CAFE_2H	86	\N	\N	2026-03-04 14:33:04.535	2026-03-05 02:04:12.548	\N	\N	\N
d764c793-4445-4d9a-b158-b57f5e079998	2026-03-04	POS_ALMOCO_2H	80	\N	\N	2026-03-04 18:34:08.246	2026-03-05 02:04:12.549	\N	\N	\N
571a08d4-4304-4b86-829b-7d8e60a4028d	2026-03-04	POS_JANTA_2H	111	\N	\N	2026-03-05 02:04:12.551	2026-03-05 02:04:12.551	\N	\N	\N
730f4508-9365-4c88-95e6-1cee649b5202	2026-03-05	JEJUM	77	\N	\N	2026-03-05 12:15:30.822	2026-03-06 01:30:51.059	\N	\N	\N
13330556-1822-4db3-a227-9289f0f20651	2026-03-05	POS_CAFE_2H	107	\N	\N	2026-03-05 14:37:03.727	2026-03-06 01:30:51.062	\N	\N	\N
f349da54-3f78-4699-9218-a91ce0656024	2026-03-05	POS_ALMOCO_2H	111	\N	\N	2026-03-05 19:40:04.607	2026-03-06 01:30:51.063	\N	\N	\N
5c9b5b16-650a-4892-9280-92e4cf2b54de	2026-03-05	POS_JANTA_2H	116	\N	\N	2026-03-06 01:30:48.488	2026-03-06 01:30:51.065	\N	\N	\N
d47b2e21-da7b-46c7-9647-d7a628e3977d	2026-03-08	POS_ALMOCO_2H	92	\N	\N	2026-03-08 21:37:09.966	2026-03-09 01:33:03.719	\N	\N	\N
5a373a5d-3c89-45e2-847f-366003ff7e36	2026-03-08	POS_JANTA_2H	80	\N	\N	2026-03-09 01:33:00.459	2026-03-09 01:33:03.721	\N	\N	\N
b72642a5-9d1d-48c3-b313-9590347e2f5d	2026-03-06	JEJUM	74	\N	\N	2026-03-06 12:24:56.3	2026-03-07 01:36:23.551	\N	\N	\N
718bf4a8-1d10-4a1c-811d-3ebffb980a96	2026-03-06	POS_CAFE_2H	107	\N	\N	2026-03-06 14:47:52.54	2026-03-07 01:36:23.553	\N	\N	\N
82f8e075-779c-4a80-9154-15b13ab86ae7	2026-03-06	POS_ALMOCO_2H	103	\N	\N	2026-03-06 20:39:23.132	2026-03-07 01:36:23.555	\N	\N	\N
35ec9cb7-f5c8-4666-bd5b-1e292d17e491	2026-03-06	POS_JANTA_2H	104	\N	\N	2026-03-07 01:36:20.943	2026-03-07 01:36:23.557	\N	\N	\N
592a49a1-fb90-4e5e-8300-e9051694b2e8	2026-03-07	JEJUM	72	\N	\N	2026-03-07 12:07:52.339	2026-03-07 12:07:52.339	\N	\N	\N
9ea102ce-1d9c-4fae-b783-46a02d22ea20	2026-03-07	POS_CAFE_2H	82	\N	\N	2026-03-07 14:21:38.514	2026-03-07 14:21:38.514	\N	\N	\N
7014069c-dba7-4dfc-b02c-495670861fee	2026-03-07	POS_ALMOCO_2H	119	\N	\N	2026-03-07 18:52:32.929	2026-03-07 18:52:32.929	\N	\N	\N
25d0dd03-c42e-4558-bb9c-99849b6d729a	2026-03-07	POS_JANTA_2H	89	\N	\N	2026-03-08 01:07:31.333	2026-03-08 01:07:31.333	\N	\N	\N
2571b74d-5e9f-4b11-939b-2b615c21e7fa	2026-03-08	JEJUM	72	\N	\N	2026-03-08 11:55:14.929	2026-03-09 01:33:03.715	\N	\N	\N
9f347f49-ba05-4463-a5d8-53af9396fd1d	2026-03-09	JEJUM	72	\N	\N	2026-03-09 11:46:57.26	2026-03-10 02:02:28.192	\N	\N	\N
4400d91b-11ff-46b5-b5cb-39f406b975f0	2026-03-09	POS_CAFE_2H	94	\N	\N	2026-03-09 14:15:53.555	2026-03-10 02:02:28.196	\N	\N	\N
fe065446-53a6-4304-aa45-08749868bc31	2026-03-09	POS_ALMOCO_2H	81	\N	\N	2026-03-09 19:49:10.564	2026-03-10 02:02:28.199	\N	\N	\N
1d29d465-9033-443b-92e6-9cac70638750	2026-03-09	POS_JANTA_2H	104	\N	\N	2026-03-10 02:02:25.814	2026-03-10 02:02:28.202	\N	\N	\N
8ae5ce5a-b7a8-41df-8db0-bcd03e0d708f	2026-03-10	POS_CAFE_2H	87	\N	\N	2026-03-10 15:19:50.479	2026-03-10 15:19:50.479	\N	\N	\N
5056e35d-de82-4084-859b-056895742b4e	2026-03-10	JEJUM	75	\N	\N	2026-03-10 15:19:54.083	2026-03-10 15:19:54.083	\N	\N	\N
a37522b2-4388-468b-a8fc-95521aca055a	2026-03-10	POS_ALMOCO_2H	120	\N	\N	2026-03-10 20:45:12.703	2026-03-10 20:45:12.703	\N	\N	\N
932c52a9-0557-4a21-aa87-eb60addad1ae	2026-03-11	JEJUM	81	\N	\N	2026-03-11 13:10:50.546	2026-03-12 01:38:31.381	\N	\N	\N
41ba24e7-6d6f-4e44-b9c9-8b0694c4b562	2026-03-11	POS_CAFE_2H	96	\N	\N	2026-03-11 15:21:05.539	2026-03-12 01:38:31.384	\N	\N	\N
1fe4cfaa-ebe5-41f3-b8cf-0b2e3e0fd51e	2026-03-11	POS_ALMOCO_2H	110	\N	\N	2026-03-11 19:51:54.617	2026-03-12 01:38:31.386	\N	\N	\N
8dd2ba6e-6fb0-4ffd-9df8-1963cdd3f835	2026-03-11	POS_JANTA_2H	144	\N	\N	2026-03-12 01:38:29.085	2026-03-12 01:38:31.389	\N	\N	\N
d813c0eb-d25d-4984-955b-1e3d75a7a4d0	2026-03-12	POS_ALMOCO_2H	115	\N	\N	2026-03-12 20:58:58.569	2026-03-13 12:47:24.58	\N	\N	\N
dbf76c28-818d-4716-9090-8195e3da3418	2026-03-12	JEJUM	77	\N	\N	2026-03-12 08:15:51.366	2026-03-13 12:47:24.571	\N	\N	\N
4ed2e491-504d-4d07-a172-0a2578cf65ea	2026-03-12	POS_CAFE_2H	123	\N	\N	2026-03-12 16:17:07.523	2026-03-13 12:47:24.577	\N	\N	\N
279319dc-1f8f-4733-90b7-509ff4f3416d	2026-03-12	POS_JANTA_2H	75	\N	\N	2026-03-13 12:47:22.01	2026-03-13 12:47:24.583	\N	\N	\N
b0a111af-68cb-4898-957d-ba18014286cf	2026-03-13	JEJUM	69	\N	\N	2026-03-13 12:47:15.071	2026-03-14 02:14:58.128	\N	\N	\N
7e4db6a9-c89f-4152-b9e1-c003796ff9e9	2026-03-13	POS_CAFE_2H	106	\N	\N	2026-03-13 15:46:46.617	2026-03-14 02:14:58.131	\N	\N	\N
1a665c5f-d200-4a3a-8c21-4030b7925efd	2026-03-13	POS_ALMOCO_2H	133	\N	\N	2026-03-13 21:21:50.372	2026-03-14 02:14:58.134	\N	\N	\N
207c9974-47c6-4f65-a52d-383d8c9ac712	2026-03-13	POS_JANTA_2H	68	\N	\N	2026-03-14 02:14:56.016	2026-03-14 02:14:58.137	\N	\N	\N
fb0d9fff-6ab8-4d14-a56c-28c75f7f5a74	2026-03-14	JEJUM	72	\N	\N	2026-03-14 12:44:22.124	2026-03-14 12:44:22.124	\N	\N	\N
5ad8017a-4dd9-4ef4-b6f9-7804c6e32260	2026-03-14	POS_CAFE_2H	105	\N	\N	2026-03-14 15:52:08.37	2026-03-14 15:52:08.37	\N	\N	\N
94851023-43b2-4e5a-bd46-1fde38c2f0de	2026-05-09	JEJUM	40	\N	\N	2026-05-09 15:54:00.046	2026-05-09 16:11:43.001	4c61765f-e857-4d97-90ba-d7c74a315468	\N	\N
11729502-3d7b-4a26-a883-1fd9700e3dcd	2026-05-14	POS_CAFE_2H	98	\N	\N	2026-05-14 03:58:22.361	2026-05-14 03:58:49.353	123b42d9-4c87-411f-9d46-780fad00f93e	\N	\N
6cbc1333-e8a7-4533-b820-7ae895ebefe3	2026-05-14	POS_ALMOCO_2H	101	\N	\N	2026-05-14 03:58:22.363	2026-05-14 03:58:49.354	123b42d9-4c87-411f-9d46-780fad00f93e	\N	\N
4a144e04-4edf-4f6d-88ba-fa467fe86d0a	2026-05-14	POS_JANTA_2H	115	\N	\N	2026-05-14 03:58:22.364	2026-05-14 03:58:49.356	123b42d9-4c87-411f-9d46-780fad00f93e	\N	\N
f3f6b2c8-e28f-4743-a751-89866cc89a98	2026-05-14	JEJUM	112	\N	\N	2026-05-14 03:58:22.357	2026-05-14 03:58:49.351	123b42d9-4c87-411f-9d46-780fad00f93e	\N	\N
d3a38b9f-05c1-4774-9419-194d663f0dea	2026-05-14	JEJUM	94	\N	\N	2026-05-14 14:08:42.458	2026-05-14 14:09:18.146	ab94cf8e-3233-4183-8792-16ec3727de48	\N	\N
bd6fa715-c876-4f4b-b559-52e2c2af7ceb	2026-05-14	POS_CAFE_2H	50	\N	\N	2026-05-14 14:08:54.363	2026-05-14 14:09:18.148	ab94cf8e-3233-4183-8792-16ec3727de48	\N	\N
5fbb16fe-8444-46b5-82da-80b1c0f451f9	2026-05-14	POS_ALMOCO_2H	120	\N	\N	2026-05-14 14:09:10.921	2026-05-14 14:09:18.15	ab94cf8e-3233-4183-8792-16ec3727de48	\N	\N
48b34ccc-3576-4963-a604-2d6bc2a593ef	2026-05-14	POS_JANTA_2H	120	\N	\N	2026-05-14 14:09:15.653	2026-05-14 14:09:18.152	ab94cf8e-3233-4183-8792-16ec3727de48	\N	\N
f1613cd1-5e6e-49ba-b1cb-a6a78caaa3cf	2026-05-12	JEJUM	98	\N	\N	2026-05-16 17:50:33.696	2026-05-16 17:52:31.388	aee7b641-1f30-4e02-95d2-430eaefac399	\N	\N
2e226ddc-d149-4e18-9c0b-74a56d4ab201	2026-05-12	POS_CAFE_2H	200	\N	\N	2026-05-16 17:51:21.403	2026-05-16 17:52:31.39	aee7b641-1f30-4e02-95d2-430eaefac399	\N	\N
f3b7f6ee-183f-46e2-be1d-aa24fecb930a	2026-05-12	POS_ALMOCO_2H	400	\N	\N	2026-05-16 17:52:13.32	2026-05-16 17:52:31.392	aee7b641-1f30-4e02-95d2-430eaefac399	\N	\N
c6851a91-84b4-4a77-8536-6e18e2b38560	2026-05-16	POS_ALMOCO_2H	690	\N	\N	2026-05-16 16:22:23.312	2026-05-16 19:18:27.051	aee7b641-1f30-4e02-95d2-430eaefac399	\N	\N
ec17a1e7-3e6a-4710-9621-f4b06355271e	2026-05-16	POS_CAFE_2H	90	\N	\N	2026-05-16 16:22:17.572	2026-05-16 16:23:02.937	aee7b641-1f30-4e02-95d2-430eaefac399	\N	\N
71108e36-74b4-4834-9a96-27438e3996cf	2026-05-16	JEJUM	95	\N	\N	2026-05-16 15:12:01.943	2026-05-16 19:41:59.698	ab94cf8e-3233-4183-8792-16ec3727de48	\N	["Suor frio"]
e25a879d-002b-4cd7-a641-2fc8807df60c	2026-05-16	POS_JANTA_2H	45	\N	\N	2026-05-16 16:22:37.805	2026-05-16 16:23:02.944	aee7b641-1f30-4e02-95d2-430eaefac399	\N	\N
998e1109-f9a2-4af7-89a9-8ad7ed0da6df	2026-05-12	POS_JANTA_2H	48	\N	\N	2026-05-16 17:52:24.383	2026-05-16 17:52:34.362	aee7b641-1f30-4e02-95d2-430eaefac399	\N	["Náuseas ou vômitos"]
72842b19-eda7-4611-a6e6-d8cec223198e	2026-05-14	JEJUM	90	\N	\N	2026-05-16 16:23:58.952	2026-05-16 16:24:26.336	aee7b641-1f30-4e02-95d2-430eaefac399	\N	\N
2b6a6067-0cd9-43c6-9324-2eb8e0e3e6ca	2026-05-14	POS_CAFE_2H	150	\N	\N	2026-05-16 16:24:03.259	2026-05-16 16:24:26.338	aee7b641-1f30-4e02-95d2-430eaefac399	\N	\N
0c4755b1-eb36-414a-aea1-40ae0f13b957	2026-05-14	POS_ALMOCO_2H	200	\N	\N	2026-05-16 16:24:16.175	2026-05-16 16:24:26.34	aee7b641-1f30-4e02-95d2-430eaefac399	\N	\N
9c5d5dde-4b91-4579-93e3-d9a632194fd0	2026-05-14	POS_JANTA_2H	115	\N	\N	2026-05-16 16:24:24.145	2026-05-16 16:24:26.342	aee7b641-1f30-4e02-95d2-430eaefac399	\N	\N
1d1e8699-8795-4eb9-973c-e623fef50682	2026-05-15	POS_CAFE_2H	115	\N	\N	2026-05-16 17:48:51.132	2026-05-16 17:49:09.855	aee7b641-1f30-4e02-95d2-430eaefac399	\N	\N
8af7432a-a251-43b2-9cd4-5b67d08cbd17	2026-05-15	POS_ALMOCO_2H	220	\N	\N	2026-05-16 17:48:57.518	2026-05-16 17:49:09.857	aee7b641-1f30-4e02-95d2-430eaefac399	\N	\N
3c74a8be-19f0-4e2e-88b7-a269a8575c41	2026-05-15	POS_JANTA_2H	108	\N	\N	2026-05-16 17:49:07.499	2026-05-16 17:49:09.859	aee7b641-1f30-4e02-95d2-430eaefac399	\N	\N
f9adee14-5054-4de9-a970-d20dfbab1b6e	2026-05-15	JEJUM	60	\N	\N	2026-05-16 17:48:40.353	2026-05-16 17:49:12.716	aee7b641-1f30-4e02-95d2-430eaefac399	\N	["Tontura"]
8b9e5938-a49f-4917-8a4b-2a89d6b749de	2026-05-18	JEJUM	98	\N	\N	2026-05-16 17:49:50.431	2026-05-16 17:50:17.699	aee7b641-1f30-4e02-95d2-430eaefac399	Sensação mal estar	["Sonolência intensa","Náuseas ou vômitos","Respiração difícil"]
88df3c41-54ca-4e89-977e-ac33ad851b55	2026-05-16	POS_CAFE_2H	120	\N	\N	2026-05-16 15:12:01.96	2026-05-16 19:41:59.7	ab94cf8e-3233-4183-8792-16ec3727de48	\N	\N
bac22b0c-a123-43a8-8416-828757214fa6	2026-05-11	JEJUM	49	\N	\N	2026-05-16 18:19:08.466	2026-05-16 18:20:32.667	aee7b641-1f30-4e02-95d2-430eaefac399	\N	\N
e7673caf-7a99-4648-b93e-c38ab4d610aa	2026-05-11	POS_CAFE_2H	118	\N	\N	2026-05-16 18:19:30.528	2026-05-16 18:20:32.669	aee7b641-1f30-4e02-95d2-430eaefac399	\N	\N
89a7d15a-e1fe-4444-a812-e57764137a67	2026-05-11	POS_ALMOCO_2H	333	\N	\N	2026-05-16 18:19:47.755	2026-05-16 18:20:32.67	aee7b641-1f30-4e02-95d2-430eaefac399	\N	\N
d9f9f6f2-ca31-477d-998d-abf3eb086ed9	2026-05-11	POS_JANTA_2H	122	\N	\N	2026-05-16 18:20:07.447	2026-05-16 18:20:32.672	aee7b641-1f30-4e02-95d2-430eaefac399	\N	\N
e924d234-dc78-4716-b34d-980502368e40	2026-05-08	JEJUM	45	\N	\N	2026-05-16 18:24:28	2026-05-16 18:24:28	ab94cf8e-3233-4183-8792-16ec3727de48	\N	\N
3c947f8a-de69-4a3f-b785-af6432f29ab4	2026-05-15	POS_CAFE_2H	120	\N	\N	2026-05-16 19:12:04.389	2026-05-16 19:12:04.389	ab94cf8e-3233-4183-8792-16ec3727de48	\N	\N
29647f2b-260e-4fe5-b160-b6f9d2f1908a	2026-05-08	POS_CAFE_2H	82	\N	\N	2026-05-16 18:24:28.003	2026-05-16 18:24:28.003	ab94cf8e-3233-4183-8792-16ec3727de48	\N	\N
e2bf5458-2b7a-40bf-adbe-d1da3487c1df	2026-05-08	POS_ALMOCO_2H	49	\N	\N	2026-05-16 18:24:28.006	2026-05-16 18:24:28.006	ab94cf8e-3233-4183-8792-16ec3727de48	\N	\N
de243e76-58ff-420b-85f7-2ae41ff1a5b7	2026-05-08	POS_JANTA_2H	45	\N	\N	2026-05-16 18:24:28.008	2026-05-16 18:24:34.927	ab94cf8e-3233-4183-8792-16ec3727de48	oxso	["Suor frio","Tremor"]
34b766c3-fe4c-4c11-a457-94fbc96bdd08	2026-05-07	JEJUM	49	\N	\N	2026-05-16 18:17:06.358	2026-05-16 18:17:57.999	aee7b641-1f30-4e02-95d2-430eaefac399	\N	["Tremor"]
cdd9b10f-2e47-4870-9771-da6547b31ce5	2026-05-15	JEJUM	45	\N	\N	2026-05-16 19:12:04.387	2026-05-16 19:12:22.908	ab94cf8e-3233-4183-8792-16ec3727de48	dificil de manha	["Tremor"]
25f84792-699e-4923-b000-18d99640133e	2026-05-15	POS_ALMOCO_2H	125	\N	\N	2026-05-16 19:12:04.391	2026-05-16 19:12:29.189	ab94cf8e-3233-4183-8792-16ec3727de48	normal	\N
1155ed93-4403-42cb-8e01-dafa020e4ad9	2026-05-15	POS_JANTA_2H	250	\N	\N	2026-05-16 19:12:04.393	2026-05-16 19:12:38.154	ab94cf8e-3233-4183-8792-16ec3727de48	dor de cabca	["Respiração difícil"]
f82cefae-d1aa-43f6-8220-ef8c0fd90390	2026-05-16	POS_ALMOCO_2H	115	\N	\N	2026-05-16 15:12:01.963	2026-05-16 19:41:59.702	ab94cf8e-3233-4183-8792-16ec3727de48	\N	["Suor frio","Fraqueza"]
29b2b27e-9237-4f72-8659-8d5369593bc5	2026-05-16	POS_JANTA_2H	115	\N	\N	2026-05-16 15:12:01.965	2026-05-16 19:41:59.704	ab94cf8e-3233-4183-8792-16ec3727de48	1	["Respiração difícil"]
72f409bf-17b1-4b65-9be5-7c722857acf8	2026-05-13	JEJUM	99	\N	\N	2026-05-16 19:16:12.491	2026-05-16 19:17:16.512	aee7b641-1f30-4e02-95d2-430eaefac399	Ok	["Tontura"]
54ff4ef3-06fc-4fcc-886a-7a0e6e01175d	2026-05-13	POS_CAFE_2H	120	\N	\N	2026-05-16 19:16:26.198	2026-05-16 19:17:16.515	aee7b641-1f30-4e02-95d2-430eaefac399	\N	\N
99366247-5eed-47c6-aa48-73cfc00da7f1	2026-05-13	POS_ALMOCO_2H	260	\N	\N	2026-05-16 19:16:41.195	2026-05-16 19:17:16.516	aee7b641-1f30-4e02-95d2-430eaefac399	3 sintomas	["Tremor","Suor frio","Fraqueza"]
57440fda-06db-4549-88a9-8aef3cf0d626	2026-05-13	POS_JANTA_2H	49	\N	\N	2026-05-16 19:17:04.421	2026-05-16 19:17:16.518	aee7b641-1f30-4e02-95d2-430eaefac399	Vomito	["Náuseas ou vômitos"]
873967b6-bd04-4163-9bb5-c55f50cd1507	2026-05-16	JEJUM	39	\N	\N	2026-05-16 16:22:01.611	2026-05-16 19:18:12.738	aee7b641-1f30-4e02-95d2-430eaefac399	\N	\N
\.


--
-- Data for Name: patient_settings; Type: TABLE DATA; Schema: public; Owner: -
--

COPY public.patient_settings (id, patient_name, birth_date, pregnancy_weeks, estimated_due_date, doctor_name, fasting_target, post_meal_target, post_meal_protocol, created_at, updated_at, user_id) FROM stdin;
f12844b2-ee9c-400c-96cb-2af165569064	Claudio	1990-06-19	32	1990-08-19	raquel	95	120	2h	2026-05-09 15:53:44.359	2026-05-11 14:47:28.081	4c61765f-e857-4d97-90ba-d7c74a315468
58087cd8-c981-458c-b5fb-7527d30e55c1	ronaldo	1990-06-19	20	1994-04-19	ronaldo	95	120	1h	2026-05-13 20:19:14.533	2026-05-13 20:19:14.533	123b42d9-4c87-411f-9d46-780fad00f93e
cb9fbea1-c6a3-43f1-b43e-cf5ce67f7f13	Minnie	2016-05-05	\N	\N	\N	95	120	2h	2026-05-16 16:21:31.18	2026-05-16 16:21:31.18	aee7b641-1f30-4e02-95d2-430eaefac399
e99e0886-c256-480e-8bbc-b2471bf2b1bf	Denise	1994-11-14	20	2026-10-22	Esteban	95	120	2h	2026-05-14 14:08:16.2	2026-05-16 19:41:13.366	ab94cf8e-3233-4183-8792-16ec3727de48
\.


--
-- Data for Name: payments; Type: TABLE DATA; Schema: public; Owner: -
--

COPY public.payments (id, user_id, plan_id, amount, status, mp_preference_id, mp_payment_id, mp_status, mp_status_detail, created_at, updated_at) FROM stdin;
af8cc003-3ce8-4532-b55f-e807bd0938e0	123b42d9-4c87-411f-9d46-780fad00f93e	monthly	14.9	pending	3399530543-df48dab9-fb2b-4907-8750-56ba89d8e842	\N	\N	\N	2026-05-13 22:10:39.381	2026-05-13 22:10:39.827
d3161e02-9ca0-4a15-a1b9-7d8baed72843	123b42d9-4c87-411f-9d46-780fad00f93e	monthly	14.9	pending	3399530543-2ed4f294-9e9e-430d-be91-f7d2177b7edb	\N	\N	\N	2026-05-13 22:11:06.575	2026-05-13 22:11:06.912
98a44293-9735-4496-a6c4-90d9871d4b90	123b42d9-4c87-411f-9d46-780fad00f93e	quarterly	34.9	pending	3399530543-49d0443b-9ce5-4936-8bae-1fe6f76a7c16	\N	\N	\N	2026-05-13 22:12:43.027	2026-05-13 22:12:43.466
3f56ede0-87f1-4828-a2fc-8bb685e7194a	123b42d9-4c87-411f-9d46-780fad00f93e	monthly	14.9	pending	3399530543-7704337b-022d-4d27-83a2-cd4855b9fe87	\N	\N	\N	2026-05-14 04:07:42.269	2026-05-14 04:07:42.701
641d4760-4515-484f-8122-89e9d0854f1c	aee7b641-1f30-4e02-95d2-430eaefac399	monthly	14.9	approved	133744494-4e40d8c9-6210-4edc-a5eb-0c3d06c6bdc3	158817079033	approved	accredited	2026-05-16 16:24:35.882	2026-05-16 16:25:04.845
\.


--
-- Data for Name: users; Type: TABLE DATA; Schema: public; Owner: -
--

COPY public.users (id, name, email, password, plan, plan_expires_at, created_at, updated_at, email_verified, image, has_used_trial, payment_status, pdf_reports_generated, plan_started_at) FROM stdin;
bb84ac2b-5331-4b84-ae19-070994260c2b	Test User	john@doe.com	$2a$12$W0mNRN.BsId/TavC88d5de8t9lE3JGxPfYc.0nGNgvVHc6MTtBy9S	premium	\N	2026-05-09 15:47:37.541	2026-05-09 15:47:37.541	\N	\N	f	not_required	0	\N
2005d4af-baab-485d-8850-53d89024c836	Test User	testuser1rdhhj8k@example.com	$2a$12$n4FWpIP7WHwsIYPXPTdmpeVqIRX9WYzp8GBPNABNVHU0LGc0.HSFq	free	\N	2026-05-09 15:48:28.436	2026-05-09 15:48:28.436	\N	\N	f	not_required	0	\N
e674aa54-ff36-4b77-ad02-59b810c4e831	Test User	testuser9dakep6s@example.com	$2a$12$7c5iGx5rWavbHxh2Hwyv3.NdHnBvX4HX8eXjbzjbXPfQMWZqyvYxm	free	\N	2026-05-09 16:00:56.796	2026-05-09 16:00:56.796	\N	\N	f	not_required	0	\N
af8b22fb-cba8-4d74-8bf1-3d42e36dd5b6	Test User	testuserqo8olzk5@example.com	$2a$12$RdcuqASNcQDH7zUg/fZHJerfstvcB3WWuRz9r1sK0q63vrRjyfp7a	free	\N	2026-05-09 16:06:17.945	2026-05-09 16:06:17.945	\N	\N	f	not_required	0	\N
b6d653f2-6f50-4794-adab-2f0848a4e467	Test User	testuserw1cb5l3u@example.com	$2a$12$42xsObPOsDVhGWhcHhK0Pe39JjOiKcRKA7oYxm/FQ8qF7ngP1GNJ6	free	\N	2026-05-13 20:11:16.94	2026-05-13 20:11:16.94	\N	\N	f	not_required	0	\N
97bce8ec-e08e-4207-96be-22974501da3f	Test User	testuserx7t7msvn@example.com	$2a$12$dVWNYQi2zqiZ/sJaHm7xM.jWfi.fOxZYQJzvxYLM4YnezNNHa55QC	free	\N	2026-05-13 20:23:33.905	2026-05-13 20:23:33.905	\N	\N	f	not_required	0	\N
c572310c-ed1f-482c-9497-fc349b09e4da	Test User	testuser8kys5862@example.com	$2a$12$ET6DtJ5foVx9kSG4bke5BeTOWDdeeDlH6B05.MUiqdl82wNO024eS	free	\N	2026-05-13 21:44:29.613	2026-05-13 21:44:29.613	\N	\N	f	not_required	0	\N
45bad1f9-0242-4244-bca5-54b8a94d1fa0	Test User	testusersk5ee6cu@example.com	$2a$12$Z6Hps2mHQkN8FR7UIwbVgODtfBlHGqY9OVTU91wtvbeqkSwOmWcO6	free	\N	2026-05-13 21:57:30.992	2026-05-13 21:57:30.992	\N	\N	f	not_required	0	\N
d2740e7a-56ee-43b1-a3fd-7c71833592bc	Test User	testuserrkodj3gp@example.com	$2a$12$4F0Dkpu7xDbu9AUGyzA15.QU7WxINWNQ1uUZ7xWyKAbyIe58Rjtc6	free	\N	2026-05-14 03:42:52.028	2026-05-14 03:42:52.028	\N	\N	f	not_required	0	\N
123b42d9-4c87-411f-9d46-780fad00f93e	ronaldo	ronaldo@gmail.com	$2a$12$xUuK32bWl/KvACBpQ9lMFuUrckge9bssikBBCCu1AlFuTbjr6eXTm	free_trial	2026-05-17 23:50:54.988	2026-05-13 20:18:45.113	2026-05-14 00:04:06.508	\N	\N	t	not_required	1	2026-05-13 23:50:54.988
43390b45-30ba-4ad9-8e36-432e306e3b3e	Test User	testusers0rtvra2@example.com	$2a$12$guVe4qpIK/gteKgbQD13COX1qG5lgEvzU6Bl3ysChbINSU/XV9Xnm	free	\N	2026-05-14 04:04:30.894	2026-05-14 04:04:30.894	\N	\N	f	not_required	0	\N
58dde7cb-e7bf-4937-81fc-0ddac6ccfc78	Test User	testuser41hkqkzh@example.com	$2a$12$dCMMwUwn69vT6f8/XlRFr.vaZRGMP8EYZmqK4stcHg2Bz81dBVPeG	free	\N	2026-05-16 16:29:46.899	2026-05-16 16:29:46.899	\N	\N	f	not_required	0	\N
f6500558-62ce-4fdc-888f-83efc80309c3	Test User	testuser3kfpp2ox@example.com	$2a$12$ku5bMme/PPQn972TNMdY2.HQPB5Enszn3lFvSnStFA2UTcg65wkai	free	\N	2026-05-16 18:59:54.156	2026-05-16 18:59:54.156	\N	\N	f	not_required	0	\N
32f63756-5e67-4de6-a97e-c2bad1b6e7c4	Test User	testuser05pg7l2b@example.com	$2a$12$0E93Bvb6Y6pRBK6S8M1jNuVL2YGhrQ8tBrc.hDJC2qclKgxmnhlWu	free	\N	2026-05-16 19:04:36.147	2026-05-16 19:04:36.147	\N	\N	f	not_required	0	\N
4c61765f-e857-4d97-90ba-d7c74a315468	Claudio esteban	ceselguet@gmail.com	$2a$12$8Wul8PBUUFQnuagnRC.eCOwC19FsY1hYfRAbzUMaPfiBjfT41F7eO	gestation_full	2027-02-10 17:58:02.7	2026-05-09 15:53:10.88	2026-05-16 17:58:02.782	\N	\N	t	paid	0	2026-05-16 17:58:02.7
06e281be-9e66-4ef6-a5e9-226ba94e5f8e	Test User	testuser2viirri6@example.com	$2a$12$jDsHSbXTboytgBIKSEb68u6.o4U.mAOElmbeFqWkHIuqTjQTUsOcm	free	\N	2026-05-16 18:01:46.446	2026-05-16 18:01:46.446	\N	\N	f	not_required	0	\N
afeae41f-a36e-4bb8-9964-673b0639ee8d	Test User	testuser0rpc20o6@example.com	$2a$12$7HM5yrVUbwrCiKs.sDwaw.384CU84nzXFZszvVdx8U9LLmi4n/1Ua	free	\N	2026-05-16 19:15:29.684	2026-05-16 19:15:29.684	\N	\N	f	not_required	0	\N
aee7b641-1f30-4e02-95d2-430eaefac399	Thayse Mello	thaysemellosi@gmail.com	\N	monthly	2026-06-15 16:25:04.846	2026-05-16 16:20:30.048	2026-05-16 19:17:40.064	\N	https://lh3.googleusercontent.com/a/ACg8ocKSllLEUMBkxhxOsyEqW8-Xa-muVZzs4YQSjZX9Txc_6gJuXi23iA=s96-c	t	paid	9	2026-05-16 16:25:04.846
ab94cf8e-3233-4183-8792-16ec3727de48	Claudio Esteban	ceselgueta@gmail.com	\N	gestation_full	2027-02-10 17:58:02.7	2026-05-14 14:06:56.912	2026-05-16 20:31:59.096	\N	https://lh3.googleusercontent.com/a/ACg8ocJqmlutvnwDVZDyzle_KvZlGLOoje-UIWlx5Mu5yV0SrfAh_ETR3w=s96-c	t	paid	12	2026-05-16 17:58:02.7
\.


--
-- Name: accounts accounts_pkey; Type: CONSTRAINT; Schema: public; Owner: -
--

ALTER TABLE ONLY public.accounts
    ADD CONSTRAINT accounts_pkey PRIMARY KEY (id);


--
-- Name: gestational_glucose_readings gestational_glucose_readings_pkey; Type: CONSTRAINT; Schema: public; Owner: -
--

ALTER TABLE ONLY public.gestational_glucose_readings
    ADD CONSTRAINT gestational_glucose_readings_pkey PRIMARY KEY (id);


--
-- Name: patient_settings patient_settings_pkey; Type: CONSTRAINT; Schema: public; Owner: -
--

ALTER TABLE ONLY public.patient_settings
    ADD CONSTRAINT patient_settings_pkey PRIMARY KEY (id);


--
-- Name: payments payments_pkey; Type: CONSTRAINT; Schema: public; Owner: -
--

ALTER TABLE ONLY public.payments
    ADD CONSTRAINT payments_pkey PRIMARY KEY (id);


--
-- Name: users users_pkey; Type: CONSTRAINT; Schema: public; Owner: -
--

ALTER TABLE ONLY public.users
    ADD CONSTRAINT users_pkey PRIMARY KEY (id);


--
-- Name: accounts_provider_provider_account_id_key; Type: INDEX; Schema: public; Owner: -
--

CREATE UNIQUE INDEX accounts_provider_provider_account_id_key ON public.accounts USING btree (provider, provider_account_id);


--
-- Name: gestational_glucose_readings_user_id_reading_date_reading_t_key; Type: INDEX; Schema: public; Owner: -
--

CREATE UNIQUE INDEX gestational_glucose_readings_user_id_reading_date_reading_t_key ON public.gestational_glucose_readings USING btree (user_id, reading_date, reading_type);


--
-- Name: users_email_key; Type: INDEX; Schema: public; Owner: -
--

CREATE UNIQUE INDEX users_email_key ON public.users USING btree (email);


--
-- Name: accounts accounts_user_id_fkey; Type: FK CONSTRAINT; Schema: public; Owner: -
--

ALTER TABLE ONLY public.accounts
    ADD CONSTRAINT accounts_user_id_fkey FOREIGN KEY (user_id) REFERENCES public.users(id) ON UPDATE CASCADE ON DELETE CASCADE;


--
-- Name: gestational_glucose_readings gestational_glucose_readings_user_id_fkey; Type: FK CONSTRAINT; Schema: public; Owner: -
--

ALTER TABLE ONLY public.gestational_glucose_readings
    ADD CONSTRAINT gestational_glucose_readings_user_id_fkey FOREIGN KEY (user_id) REFERENCES public.users(id) ON UPDATE CASCADE ON DELETE SET NULL;


--
-- Name: patient_settings patient_settings_user_id_fkey; Type: FK CONSTRAINT; Schema: public; Owner: -
--

ALTER TABLE ONLY public.patient_settings
    ADD CONSTRAINT patient_settings_user_id_fkey FOREIGN KEY (user_id) REFERENCES public.users(id) ON UPDATE CASCADE ON DELETE SET NULL;


--
-- Name: payments payments_user_id_fkey; Type: FK CONSTRAINT; Schema: public; Owner: -
--

ALTER TABLE ONLY public.payments
    ADD CONSTRAINT payments_user_id_fkey FOREIGN KEY (user_id) REFERENCES public.users(id) ON UPDATE CASCADE ON DELETE CASCADE;


--
-- PostgreSQL database dump complete
--

\unrestrict 5lGAAJ5gEhe73frUaLptOwwPhKJ37GaEOjYdRP6gvyNxsqxmQBSGjBZpedSPefQ

